room_id,event_id,sender,timestamp,body
!byRaIjLPSRhKcNeUTu:localhost,$4lBw5JDyXliAl-zUgQiHkdb69bupFhxjceY4NBb7MFk,@luna:localhost,1736098967876,"I'm sorry, but as an AI, I don't have access to personal data about individuals unless it has been shared with me in the course of our conversation. I'm designed to respect user privacy and confidentiality."
!byRaIjLPSRhKcNeUTu:localhost,$lMa-T8AuEZNWmlvvEhK1Lb-SlWxbstY4kv3G7shEI9U,@luna:localhost,1736098966347,"From our previous discussions, it seems you were seeking assistance with a mathematical problem related to the constant Pi. Would you like to continue with that topic, or is there something new you need help with?"
!byRaIjLPSRhKcNeUTu:localhost,$zd0jvDONdpzW4KP0zvDQXXd2H3zeDYWPH88DlLvxoIE,@luna:localhost,1736098962889,"As an artificial intelligence, I don't eat so I don't have personal experiences or preferences. However, I can provide information or even a recipe for apple pie! Now, how can I assist you with your inquiry about Pi, the mathematical constant?"
!byRaIjLPSRhKcNeUTu:localhost,$eJImTPf7t7g9pBuH8pNTPKg-i2Vp5Jj-10wxePFEfqY,@luna:localhost,1736098961132,"Understood, you need help with a problem related to Pi. Could you please specify the problem so I can assist you more effectively? Are we dealing with geometry, trigonometry, or another area of math?"
!byRaIjLPSRhKcNeUTu:localhost,$uDhbDfcyn5IEVnGTQnIOG1hbKsHEoOzulOk0461FPHQ,@luna:localhost,1736098959318,"Sure, I'd be happy to help you with your math problem. Could you please provide me with the details of the problem you're trying to solve?"
!byRaIjLPSRhKcNeUTu:localhost,$Wuq7BuQPhV4SgioiK80m7XgOmtsWKZrlwVHr0UgJ5us,@luna:localhost,1736098899264,"I'm sorry, but as an AI, I don't have the ability to access personal data about individuals unless it has been shared with me in the course of our conversation. I am designed to respect user privacy and confidentiality."
!byRaIjLPSRhKcNeUTu:localhost,$w1PuHX_d3gyptVB6fwKOpJgcu7mnMPnCqdxkFSrpyKc,@luna:localhost,1736098896925,"From our previous conversations, it appears you were looking for assistance with a math problem related to Pi, the mathematical constant. Can you provide more specific details about this problem so I can assist you better?"
!byRaIjLPSRhKcNeUTu:localhost,$TFpKh-SBRQQ_DXWLYW_ws0Yg6jCoef1bj7GhvgnJZzE,@luna:localhost,1736098894151,"As an AI, I don't have personal experiences or preferences, but I can provide information about apple pie or Pi (the mathematical constant). How can I assist you further?"
!byRaIjLPSRhKcNeUTu:localhost,$MEvjAI0uj421csV0wTzSquF6EVv8qHRh8j-_gyE_EB4,@luna:localhost,1736098890979,"Sure, I'd be happy to help you with your question about Pi. Could you please provide me with the details of the problem you're trying to solve?"
!byRaIjLPSRhKcNeUTu:localhost,$u4elreOahrw8V7DNF4-cACmoX9LUBd-0rzWAY2lgn9g,@luna:localhost,1736098889589,"Sure, I'd be happy to help you with your math problem. Could you please provide me with the details of the problem you're trying to solve?"
!byRaIjLPSRhKcNeUTu:localhost,$r3-zqDqzAZbEl88nHLw4LegCgEVpJ9sTq_Emb-KtOfQ,@luna:localhost,1736087666916,"I'm sorry, but as an AI, I don't have the ability to access personal data about individuals unless it has been shared with me in the course of our conversation. I am designed to respect user privacy and confidentiality."
!byRaIjLPSRhKcNeUTu:localhost,$zoJESIe0ISPe-2qtCbqBprQTTbldu83kZZ3zdFpjTHI,@evan:localhost,1736087663385,what's my name?
!byRaIjLPSRhKcNeUTu:localhost,$Xd652F-syQ-Nfnm2_Pf_L2Zp_skUSsg-3pjekrF13-k,@luna:localhost,1736087654832,"Based on our previous interactions, you were looking to test the private channel. Do you need assistance with this or is there something else you need help with?"
!byRaIjLPSRhKcNeUTu:localhost,$nLAydyJAp7TClLV3rRAAn9A7KiDmaqDA2NAWSB1xSJ8,@evan:localhost,1736087652811,what do I need help with again
!byRaIjLPSRhKcNeUTu:localhost,$7sWrVMOGmkMZ1LFgjvxKHIicuWzkOC7BchOKm4Tl3zo,@luna:localhost,1736087647075,"As an artificial intelligence, I don't eat food. But I can certainly provide you with a great recipe for apple pie if you'd like!"
!byRaIjLPSRhKcNeUTu:localhost,$py5oPMJpzw0DP6GnNzpDd9hhWsuaWthTFZvSr1mHG5o,@evan:localhost,1736087643649,"not the kind of pi you eat but I love apple pie, you?"
!byRaIjLPSRhKcNeUTu:localhost,$r8Muw9BPTC4iIli5PxLJMSS4GzmJ1QdmhfjlSwfS77c,@luna:localhost,1736087633118,"Pi is a mathematical constant that represents the ratio of a circle's circumference to its diameter. It's approximately 3.14159, but it's an irrational number, meaning it goes on indefinitely without repeating. How can I assist you further with Pi?"
!byRaIjLPSRhKcNeUTu:localhost,$f8AHpEeSjXp39HpKnEONEMRPFLj427r4PKfS-MLVEdc,@evan:localhost,1736087631759,It's about pi
!byRaIjLPSRhKcNeUTu:localhost,$loe5kKkaVsOpsPWHcdi7eOuqy3sdiWzfZ8JbFjTI-sI,@luna:localhost,1736087628626,"Of course, I'd be happy to help with your math problem. Could you please tell me what the problem is?"
!byRaIjLPSRhKcNeUTu:localhost,$sfISMkM_Ps8RwFRQVbGfoLWOz2r2YeUjYwfp2dr3xKc,@evan:localhost,1736087627330,I need help figuring out a math problem
!byRaIjLPSRhKcNeUTu:localhost,$h7Okx0q8T_TaC9dwDe76ilF--rIi5O4F2yIpflI9OK0,@luna:localhost,1736087620835,"Nice to meet you, Steve. How can I assist you today?"
!byRaIjLPSRhKcNeUTu:localhost,$cZxUFxF2BKyObnx0XtBurHe8uec083Eck_eWULLVhb4,@evan:localhost,1736087619364,I'm steve
!byRaIjLPSRhKcNeUTu:localhost,$8tNdbC3qIDoOnPnjGc2NnlRuODFwQpQsykAAXMjpolA,@luna:localhost,1736087615417,"I'm an artificial intelligence and don't have an account executive. However, I'm here to assist you. How can I help you further?"
!byRaIjLPSRhKcNeUTu:localhost,$0NkFqNtbZbynoBmLR54e4FXETLDILQmNJlcNG4oNWLU,@evan:localhost,1736087613383,what's your ae
!byRaIjLPSRhKcNeUTu:localhost,$ImaTEPDuSDZwomOY8Cu72hXFEYlqj1KeQNMMUzNPRnc,@luna:localhost,1736087610601,"I'm glad to hear that! If you have any other questions or need further assistance with the private channel, feel free to ask."
!byRaIjLPSRhKcNeUTu:localhost,$ctm1Z_sVsDeYAXhyxIp5LFcG2_J-kpTlkaDyD17TZ3w,@evan:localhost,1736087609493,great
!byRaIjLPSRhKcNeUTu:localhost,$TfWs5o4vkaZ5omGc3duMzJaXjZGnj-YArTi45g8jCtU,@luna:localhost,1736087555162,I'm here and ready to assist. How may I help you with the test?
!byRaIjLPSRhKcNeUTu:localhost,$J2Xfhlk8lFNK-cM3ISMD2kHeZb5jQHGLJKWNKi9xUz8,@evan:localhost,1736087553703,test
!byRaIjLPSRhKcNeUTu:localhost,$ZQQ_uP-PJGp04LKDhd5FD7pSGS5UFIISV7vT31T64Pk,@luna:localhost,1736086875345,I'm here and ready to assist. How can we test the private channel according to your needs?
!byRaIjLPSRhKcNeUTu:localhost,$AEYUEHQcdKhDKKUZYuYspm-0PmjQpt41m0jG_2b7tUQ,@luna:localhost,1736086873641,Hello! How can I assist you with the private channel?
!byRaIjLPSRhKcNeUTu:localhost,$g_FsVxqduXGTiboZAIwhIaHw4ydfQrWPiEUwdSVI__8,@evan:localhost,1736067139768,test
!byRaIjLPSRhKcNeUTu:localhost,$5Abof8zvwQPJ9195v38a3z-KMaUJnv1tQtQJhN8Ypho,@evan:localhost,1736066532848,test private channel
!PmOiRDooqweqMsXyTN:localhost,$HJIZ8bfO9SFE4VAjx45JCBIQX07eXvCm1EBwNDxFKJo,@luna:localhost,1736109765463,Hello! How can I assist you today?
!PmOiRDooqweqMsXyTN:localhost,$ifo5xsN3-9_ha7pwlt4uCdJbeCDmk6y-GwhO1a3f52k,@luna:localhost,1736103746552,Hello! How can I assist you today?
!PmOiRDooqweqMsXyTN:localhost,$84oFoDjC2bOXA44wzP4L9x6vSVjWfFVc5meDLTwZE88,@luna:localhost,1736099317490,Hello! How can I assist you today?
!PmOiRDooqweqMsXyTN:localhost,$AlObID7V7u46FpJfEWxm--NdI7nSSVqiDhp5h8ruugU,@luna:localhost,1736099303482,Hello! How can I assist you today?
!PmOiRDooqweqMsXyTN:localhost,$BNTkOOjZ0TgcsJ-OZ3u7DI8A4uBSY6YFaF-kJ5xkFVM,@luna:localhost,1736099148487,Hello! How can I assist you today?
!PmOiRDooqweqMsXyTN:localhost,$pj9lJ3-2bf2fp5llmzGFQkNxIUEb8jwy11Fv3xUlqOQ,@luna:localhost,1736098973718,Hello! How can I assist you today?
!PmOiRDooqweqMsXyTN:localhost,$qi6oNAwg04qqtj9tbHi6aytuy5EyXI2AOPeOsv7SWl0,@luna:localhost,1736098972183,"I'm sorry, but I can't assist with that."
!PmOiRDooqweqMsXyTN:localhost,$Yr0xVt350D268uzDHZ90NVMIvR1UEaQoMdYhxTgnW9o,@luna:localhost,1736098971270,I'm sorry for any confusion. Could you please provide more details or clarify what you need help with?
!PmOiRDooqweqMsXyTN:localhost,$4l48xjI53z0Y-hA2edJ3Ju1ax3T8PVOj2KdzHA-fTGg,@luna:localhost,1736098969715,I'm here and ready to assist you. Is there something specific you need help with?
!PmOiRDooqweqMsXyTN:localhost,$p0RFm6YVRpaPqSsH-MGAKwKwfvWoJnKKFBBduv9FNvY,@luna:localhost,1736098921796,Hello! How can I assist you today?
!PmOiRDooqweqMsXyTN:localhost,$TPoMOI0gbXMYlGdA1skdDS_jM5DYVwYr0i9Pcwa_Ek4,@evan:localhost,1736098920966,hello
!PmOiRDooqweqMsXyTN:localhost,$LLPWtt8xYFZMgrBz7ESGrL8OWwoHFxtX3FS_29TwsPY,@luna:localhost,1736098904905,"I'm sorry, but the previous messages don't provide specific details about what you need help with. Could you please clarify or provide more information so I can assist you better?"
!PmOiRDooqweqMsXyTN:localhost,$xUw3XxFeK84iE5G96FExOauezs_WGVH5XDlfguFqiEM,@luna:localhost,1736098903374,"I'm sorry, but your previous messages are a bit unclear. Could you please specify what you need assistance with?"
!PmOiRDooqweqMsXyTN:localhost,$zDTWedk8uYxjNoWAqVVF0pwnazCYOVjFlNmTtFkVOKE,@luna:localhost,1736098901833,Hello! How can I assist you today?
!PmOiRDooqweqMsXyTN:localhost,$t3AC3XpDhZi9PX1kohetBf6lL8DKuDm0pe096aVwhnk,@luna:localhost,1736087680845,"I'm sorry, but your previous messages do not indicate any specific request for help. Could you please provide more details or clarify what you need help with?"
!PmOiRDooqweqMsXyTN:localhost,$RCpMmgpXx8AqfJLY31SSNtEMXMmlSitKCGJv9EJ0JFs,@evan:localhost,1736087679215,what did I want help with
!PmOiRDooqweqMsXyTN:localhost,$rIXqNlHeo0o624OHV4b82X5EK0S0CVllVp4nK-v5L9c,@luna:localhost,1736087549065,I'm here to help! Could you please provide more details or clarify your request?
!PmOiRDooqweqMsXyTN:localhost,$v8y2O7IJBpOl1ApbP99ceRlL-qDgzlHGH3MFePlkL_0,@evan:localhost,1736087548182,WHAT 
!PmOiRDooqweqMsXyTN:localhost,$rfWd_z85OhFBUwmdwUHR2vs6Ej_d6UZd8fxA8gTHqLE,@luna:localhost,1736086879140,Hello! How can I assist you further?
!PmOiRDooqweqMsXyTN:localhost,$JtyOLZNkvQxOA_m8Pe3J3V8qlbG1QdE4Rne3EuTY-j8,@luna:localhost,1736086878424,Hello! How can I help you today?
!PmOiRDooqweqMsXyTN:localhost,$baAQHtBCm48FJrLdCytmJKzho_bSB07u6Emkwv6dbTM,@luna:localhost,1736086877501,"I'm sorry, but that's not correct. The value of Pi (Ï€) is approximately 3.14159."
!PmOiRDooqweqMsXyTN:localhost,$6dVBr-rAgBuiydKsl28QPo7SNi40wNHChjs_kelSDrQ,@luna:localhost,1736086876478,Hello! How can I assist you today?
!PmOiRDooqweqMsXyTN:localhost,$2BQRyuouSUwYQhnOzykl7kQMRwQA0G_c0eHdfzScwaw,@evan:localhost,1736066369325,test
!PmOiRDooqweqMsXyTN:localhost,$Ui2938OENyb-O2KN4qCw5fJX9bceH0JFPfI8nv8lRVk,@evan:localhost,1736065884142,test
!PmOiRDooqweqMsXyTN:localhost,$OlvwLpEVEIptYMXNtmnuRmhtHBwz_sI4X6la0-yLATc,@evan:localhost,1736065724661,Pi is 5.14159
!PmOiRDooqweqMsXyTN:localhost,$sTU0LFc1OaoVTYhv4gl9Bhw0i2ldtB25i825UluwS3c,@evan:localhost,1736065691524,hi
